iddia,horaentrada,horasalida,nombre,idhorario
1,7:00:00,10:30:00,LU,1
2,7:00:00,10:30:00,MA,1
3,7:00:00,10:30:00,MI,1
4,7:00:00,10:30:00,JU,1
5,7:00:00,10:30:00,VI,1
6,7:00:00,11:00:00,LU,2
7,7:00:00,11:00:00,MA,2
8,7:00:00,11:00:00,MI,2
9,7:00:00,11:00:00,JU,2
10,7:00:00,11:00:00,VI,2
11,7:00:00,11:30:00,LU,3
12,7:00:00,11:30:00,MA,3
13,7:00:00,11:30:00,MI,3
14,7:00:00,11:30:00,JU,3
15,7:00:00,11:30:00,VI,3
16,7:00:00,12:00:00,LU,4
17,7:00:00,12:00:00,MA,4
18,7:00:00,12:00:00,MI,4
19,7:00:00,12:00:00,JU,4
20,7:00:00,12:00:00,VI,4
21,7:00:00,12:30:00,LU,5
22,7:00:00,12:30:00,MA,5
23,7:00:00,12:30:00,MI,5
24,7:00:00,12:30:00,JU,5
25,7:00:00,12:30:00,VI,5
26,7:00:00,13:00:00,LU,6
27,7:00:00,13:00:00,MA,6
28,7:00:00,13:00:00,MI,6
29,7:00:00,13:00:00,JU,6
30,7:00:00,13:00:00,VI,6
31,7:00:00,13:30:00,LU,7
32,7:00:00,13:30:00,MA,7
33,7:00:00,13:30:00,MI,7
34,7:00:00,13:30:00,JU,7
35,7:00:00,13:30:00,VI,7
36,7:00:00,14:00:00,LU,8
37,7:00:00,14:00:00,MA,8
38,7:00:00,14:00:00,MI,8
39,7:00:00,14:00:00,JU,8
40,7:00:00,14:00:00,VI,8
41,7:00:00,14:30:00,LU,9
42,7:00:00,14:30:00,MA,9
43,7:00:00,14:30:00,MI,9
44,7:00:00,14:30:00,JU,9
45,7:00:00,14:30:00,VI,9
46,7:00:00,15:00:00,LU,10
47,7:00:00,15:00:00,MA,10
48,7:00:00,15:00:00,MI,10
49,7:00:00,15:00:00,JU,10
50,7:00:00,15:00:00,VI,10
51,7:30:00,10:30:00,LU,11
52,7:30:00,10:30:00,MA,11
53,7:30:00,10:30:00,MI,11
54,7:30:00,10:30:00,JU,11
55,7:30:00,10:30:00,VI,11
56,7:30:00,11:00:00,LU,12
57,7:30:00,11:00:00,MA,12
58,7:30:00,11:00:00,MI,12
59,7:30:00,11:00:00,JU,12
60,7:30:00,11:00:00,VI,12
61,7:30:00,11:30:00,LU,13
62,7:30:00,11:30:00,MA,13
63,7:30:00,11:30:00,MI,13
64,7:30:00,11:30:00,JU,13
65,7:30:00,11:30:00,VI,13
66,7:30:00,12:00:00,LU,14
67,7:30:00,12:00:00,MA,14
68,7:30:00,12:00:00,MI,14
69,7:30:00,12:00:00,JU,14
70,7:30:00,12:00:00,VI,14
71,7:30:00,12:30:00,LU,15
72,7:30:00,12:30:00,MA,15
73,7:30:00,12:30:00,MI,15
74,7:30:00,12:30:00,JU,15
75,7:30:00,12:30:00,VI,15
76,7:30:00,13:00:00,LU,16
77,7:30:00,13:00:00,MA,16
78,7:30:00,13:00:00,MI,16
79,7:30:00,13:00:00,JU,16
80,7:30:00,13:00:00,VI,16
81,7:30:00,13:30:00,LU,17
82,7:30:00,13:30:00,MA,17
83,7:30:00,13:30:00,MI,17
84,7:30:00,13:30:00,JU,17
85,7:30:00,13:30:00,VI,17
86,7:30:00,14:00:00,LU,18
87,7:30:00,14:00:00,MA,18
88,7:30:00,14:00:00,MI,18
89,7:30:00,14:00:00,JU,18
90,7:30:00,14:00:00,VI,18
91,7:30:00,14:30:00,LU,19
92,7:30:00,14:30:00,MA,19
93,7:30:00,14:30:00,MI,19
94,7:30:00,14:30:00,JU,19
95,7:30:00,14:30:00,VI,19
96,7:30:00,15:00:00,LU,20
97,7:30:00,15:00:00,MA,20
98,7:30:00,15:00:00,MI,20
99,7:30:00,15:00:00,JU,20
100,7:30:00,15:00:00,VI,20
101,8:00:00,10:30:00,LU,21
102,8:00:00,10:30:00,MA,21
103,8:00:00,10:30:00,MI,21
104,8:00:00,10:30:00,JU,21
105,8:00:00,10:30:00,VI,21
106,8:00:00,11:00:00,LU,22
107,8:00:00,11:00:00,MA,22
108,8:00:00,11:00:00,MI,22
109,8:00:00,11:00:00,JU,22
110,8:00:00,11:00:00,VI,22
111,8:00:00,11:30:00,LU,23
112,8:00:00,11:30:00,MA,23
113,8:00:00,11:30:00,MI,23
114,8:00:00,11:30:00,JU,23
115,8:00:00,11:30:00,VI,23
116,8:00:00,12:00:00,LU,24
117,8:00:00,12:00:00,MA,24
118,8:00:00,12:00:00,MI,24
119,8:00:00,12:00:00,JU,24
120,8:00:00,12:00:00,VI,24
121,8:00:00,12:30:00,LU,25
122,8:00:00,12:30:00,MA,25
123,8:00:00,12:30:00,MI,25
124,8:00:00,12:30:00,JU,25
125,8:00:00,12:30:00,VI,25
126,8:00:00,13:00:00,LU,26
127,8:00:00,13:00:00,MA,26
128,8:00:00,13:00:00,MI,26
129,8:00:00,13:00:00,JU,26
130,8:00:00,13:00:00,VI,26
131,8:00:00,13:30:00,LU,27
132,8:00:00,13:30:00,MA,27
133,8:00:00,13:30:00,MI,27
134,8:00:00,13:30:00,JU,27
135,8:00:00,13:30:00,VI,27
136,8:00:00,14:00:00,LU,28
137,8:00:00,14:00:00,MA,28
138,8:00:00,14:00:00,MI,28
139,8:00:00,14:00:00,JU,28
140,8:00:00,14:00:00,VI,28
141,8:00:00,14:30:00,LU,29
142,8:00:00,14:30:00,MA,29
143,8:00:00,14:30:00,MI,29
144,8:00:00,14:30:00,JU,29
145,8:00:00,14:30:00,VI,29
146,8:00:00,15:00:00,LU,30
147,8:00:00,15:00:00,MA,30
148,8:00:00,15:00:00,MI,30
149,8:00:00,15:00:00,JU,30
150,8:00:00,15:00:00,VI,30
151,8:30:00,10:30:00,LU,31
152,8:30:00,10:30:00,MA,31
153,8:30:00,10:30:00,MI,31
154,8:30:00,10:30:00,JU,31
155,8:30:00,10:30:00,VI,31
156,8:30:00,11:00:00,LU,32
157,8:30:00,11:00:00,MA,32
158,8:30:00,11:00:00,MI,32
159,8:30:00,11:00:00,JU,32
160,8:30:00,11:00:00,VI,32
161,8:30:00,11:30:00,LU,33
162,8:30:00,11:30:00,MA,33
163,8:30:00,11:30:00,MI,33
164,8:30:00,11:30:00,JU,33
165,8:30:00,11:30:00,VI,33
166,8:30:00,12:00:00,LU,34
167,8:30:00,12:00:00,MA,34
168,8:30:00,12:00:00,MI,34
169,8:30:00,12:00:00,JU,34
170,8:30:00,12:00:00,VI,34
171,8:30:00,12:30:00,LU,35
172,8:30:00,12:30:00,MA,35
173,8:30:00,12:30:00,MI,35
174,8:30:00,12:30:00,JU,35
175,8:30:00,12:30:00,VI,35
176,8:30:00,13:00:00,LU,36
177,8:30:00,13:00:00,MA,36
178,8:30:00,13:00:00,MI,36
179,8:30:00,13:00:00,JU,36
180,8:30:00,13:00:00,VI,36
181,8:30:00,13:30:00,LU,37
182,8:30:00,13:30:00,MA,37
183,8:30:00,13:30:00,MI,37
184,8:30:00,13:30:00,JU,37
185,8:30:00,13:30:00,VI,37
186,8:30:00,14:00:00,LU,38
187,8:30:00,14:00:00,MA,38
188,8:30:00,14:00:00,MI,38
189,8:30:00,14:00:00,JU,38
190,8:30:00,14:00:00,VI,38
191,8:30:00,14:30:00,LU,39
192,8:30:00,14:30:00,MA,39
193,8:30:00,14:30:00,MI,39
194,8:30:00,14:30:00,JU,39
195,8:30:00,14:30:00,VI,39
196,8:30:00,15:00:00,LU,40
197,8:30:00,15:00:00,MA,40
198,8:30:00,15:00:00,MI,40
199,8:30:00,15:00:00,JU,40
200,8:30:00,15:00:00,VI,40
201,9:00:00,10:30:00,LU,41
202,9:00:00,10:30:00,MA,41
203,9:00:00,10:30:00,MI,41
204,9:00:00,10:30:00,JU,41
205,9:00:00,10:30:00,VI,41
206,9:00:00,11:00:00,LU,42
207,9:00:00,11:00:00,MA,42
208,9:00:00,11:00:00,MI,42
209,9:00:00,11:00:00,JU,42
210,9:00:00,11:00:00,VI,42
211,9:00:00,11:30:00,LU,43
212,9:00:00,11:30:00,MA,43
213,9:00:00,11:30:00,MI,43
214,9:00:00,11:30:00,JU,43
215,9:00:00,11:30:00,VI,43
216,9:00:00,12:00:00,LU,44
217,9:00:00,12:00:00,MA,44
218,9:00:00,12:00:00,MI,44
219,9:00:00,12:00:00,JU,44
220,9:00:00,12:00:00,VI,44
221,9:00:00,12:30:00,LU,45
222,9:00:00,12:30:00,MA,45
223,9:00:00,12:30:00,MI,45
224,9:00:00,12:30:00,JU,45
225,9:00:00,12:30:00,VI,45
226,9:00:00,13:00:00,LU,46
227,9:00:00,13:00:00,MA,46
228,9:00:00,13:00:00,MI,46
229,9:00:00,13:00:00,JU,46
230,9:00:00,13:00:00,VI,46
231,9:00:00,13:30:00,LU,47
232,9:00:00,13:30:00,MA,47
233,9:00:00,13:30:00,MI,47
234,9:00:00,13:30:00,JU,47
235,9:00:00,13:30:00,VI,47
236,9:00:00,14:00:00,LU,48
237,9:00:00,14:00:00,MA,48
238,9:00:00,14:00:00,MI,48
239,9:00:00,14:00:00,JU,48
240,9:00:00,14:00:00,VI,48
241,9:00:00,14:30:00,LU,49
242,9:00:00,14:30:00,MA,49
243,9:00:00,14:30:00,MI,49
244,9:00:00,14:30:00,JU,49
245,9:00:00,14:30:00,VI,49
246,9:00:00,15:00:00,LU,50
247,9:00:00,15:00:00,MA,50
248,9:00:00,15:00:00,MI,50
249,9:00:00,15:00:00,JU,50
250,9:00:00,15:00:00,VI,50
251,13:30:00,17:30:00,LU,51
252,13:30:00,17:30:00,MA,51
253,13:30:00,17:30:00,MI,51
254,13:30:00,17:30:00,JU,51
255,13:30:00,17:30:00,VI,51
256,13:30:00,18:00:00,LU,52
257,13:30:00,18:00:00,MA,52
258,13:30:00,18:00:00,MI,52
259,13:30:00,18:00:00,JU,52
260,13:30:00,18:00:00,VI,52
261,13:30:00,18:30:00,LU,53
262,13:30:00,18:30:00,MA,53
263,13:30:00,18:30:00,MI,53
264,13:30:00,18:30:00,JU,53
265,13:30:00,18:30:00,VI,53
266,13:30:00,19:00:00,LU,54
267,13:30:00,19:00:00,MA,54
268,13:30:00,19:00:00,MI,54
269,13:30:00,19:00:00,JU,54
270,13:30:00,19:00:00,VI,54
271,13:30:00,19:30:00,LU,55
272,13:30:00,19:30:00,MA,55
273,13:30:00,19:30:00,MI,55
274,13:30:00,19:30:00,JU,55
275,13:30:00,19:30:00,VI,55
276,13:30:00,20:00:00,LU,56
277,13:30:00,20:00:00,MA,56
278,13:30:00,20:00:00,MI,56
279,13:30:00,20:00:00,JU,56
280,13:30:00,20:00:00,VI,56
281,13:30:00,20:30:00,LU,57
282,13:30:00,20:30:00,MA,57
283,13:30:00,20:30:00,MI,57
284,13:30:00,20:30:00,JU,57
285,13:30:00,20:30:00,VI,57
286,13:30:00,21:00:00,LU,58
287,13:30:00,21:00:00,MA,58
288,13:30:00,21:00:00,MI,58
289,13:30:00,21:00:00,JU,58
290,13:30:00,21:00:00,VI,58
291,13:30:00,21:30:00,LU,59
292,13:30:00,21:30:00,MA,59
293,13:30:00,21:30:00,MI,59
294,13:30:00,21:30:00,JU,59
295,13:30:00,21:30:00,VI,59
296,14:00:00,17:30:00,LU,60
297,14:00:00,17:30:00,MA,60
298,14:00:00,17:30:00,MI,60
299,14:00:00,17:30:00,JU,60
300,14:00:00,17:30:00,VI,60
301,14:00:00,18:00:00,LU,61
302,14:00:00,18:00:00,MA,61
303,14:00:00,18:00:00,MI,61
304,14:00:00,18:00:00,JU,61
305,14:00:00,18:00:00,VI,61
306,14:00:00,18:30:00,LU,62
307,14:00:00,18:30:00,MA,62
308,14:00:00,18:30:00,MI,62
309,14:00:00,18:30:00,JU,62
310,14:00:00,18:30:00,VI,62
311,14:00:00,19:00:00,LU,63
312,14:00:00,19:00:00,MA,63
313,14:00:00,19:00:00,MI,63
314,14:00:00,19:00:00,JU,63
315,14:00:00,19:00:00,VI,63
316,14:00:00,19:30:00,LU,64
317,14:00:00,19:30:00,MA,64
318,14:00:00,19:30:00,MI,64
319,14:00:00,19:30:00,JU,64
320,14:00:00,19:30:00,VI,64
321,14:00:00,20:00:00,LU,65
322,14:00:00,20:00:00,MA,65
323,14:00:00,20:00:00,MI,65
324,14:00:00,20:00:00,JU,65
325,14:00:00,20:00:00,VI,65
326,14:00:00,20:30:00,LU,66
327,14:00:00,20:30:00,MA,66
328,14:00:00,20:30:00,MI,66
329,14:00:00,20:30:00,JU,66
330,14:00:00,20:30:00,VI,66
331,14:00:00,21:00:00,LU,67
332,14:00:00,21:00:00,MA,67
333,14:00:00,21:00:00,MI,67
334,14:00:00,21:00:00,JU,67
335,14:00:00,21:00:00,VI,67
336,14:00:00,21:30:00,LU,68
337,14:00:00,21:30:00,MA,68
338,14:00:00,21:30:00,MI,68
339,14:00:00,21:30:00,JU,68
340,14:00:00,21:30:00,VI,68
341,14:00:00,22:00:00,LU,69
342,14:00:00,22:00:00,MA,69
343,14:00:00,22:00:00,MI,69
344,14:00:00,22:00:00,JU,69
345,14:00:00,22:00:00,VI,69
346,14:30:00,17:30:00,LU,70
347,14:30:00,17:30:00,MA,70
348,14:30:00,17:30:00,MI,70
349,14:30:00,17:30:00,JU,70
350,14:30:00,17:30:00,VI,70
351,14:30:00,18:00:00,LU,71
352,14:30:00,18:00:00,MA,71
353,14:30:00,18:00:00,MI,71
354,14:30:00,18:00:00,JU,71
355,14:30:00,18:00:00,VI,71
356,14:30:00,18:30:00,LU,72
357,14:30:00,18:30:00,MA,72
358,14:30:00,18:30:00,MI,72
359,14:30:00,18:30:00,JU,72
360,14:30:00,18:30:00,VI,72
361,14:30:00,19:00:00,LU,73
362,14:30:00,19:00:00,MA,73
363,14:30:00,19:00:00,MI,73
364,14:30:00,19:00:00,JU,73
365,14:30:00,19:00:00,VI,73
366,14:30:00,19:30:00,LU,74
367,14:30:00,19:30:00,MA,74
368,14:30:00,19:30:00,MI,74
369,14:30:00,19:30:00,JU,74
370,14:30:00,19:30:00,VI,74
371,14:30:00,20:00:00,LU,75
372,14:30:00,20:00:00,MA,75
373,14:30:00,20:00:00,MI,75
374,14:30:00,20:00:00,JU,75
375,14:30:00,20:00:00,VI,75
376,14:30:00,20:30:00,LU,76
377,14:30:00,20:30:00,MA,76
378,14:30:00,20:30:00,MI,76
379,14:30:00,20:30:00,JU,76
380,14:30:00,20:30:00,VI,76
381,14:30:00,21:00:00,LU,77
382,14:30:00,21:00:00,MA,77
383,14:30:00,21:00:00,MI,77
384,14:30:00,21:00:00,JU,77
385,14:30:00,21:00:00,VI,77
386,14:30:00,21:30:00,LU,78
387,14:30:00,21:30:00,MA,78
388,14:30:00,21:30:00,MI,78
389,14:30:00,21:30:00,JU,78
390,14:30:00,21:30:00,VI,78
391,14:30:00,22:00:00,LU,79
392,14:30:00,22:00:00,MA,79
393,14:30:00,22:00:00,MI,79
394,14:30:00,22:00:00,JU,79
395,14:30:00,22:00:00,VI,79
396,15:00:00,17:30:00,LU,80
397,15:00:00,17:30:00,MA,80
398,15:00:00,17:30:00,MI,80
399,15:00:00,17:30:00,JU,80
400,15:00:00,17:30:00,VI,80
401,15:00:00,18:00:00,LU,81
402,15:00:00,18:00:00,MA,81
403,15:00:00,18:00:00,MI,81
404,15:00:00,18:00:00,JU,81
405,15:00:00,18:00:00,VI,81
406,15:00:00,18:30:00,LU,82
407,15:00:00,18:30:00,MA,82
408,15:00:00,18:30:00,MI,82
409,15:00:00,18:30:00,JU,82
410,15:00:00,18:30:00,VI,82
411,15:00:00,19:00:00,LU,83
412,15:00:00,19:00:00,MA,83
413,15:00:00,19:00:00,MI,83
414,15:00:00,19:00:00,JU,83
415,15:00:00,19:00:00,VI,83
416,15:00:00,19:30:00,LU,84
417,15:00:00,19:30:00,MA,84
418,15:00:00,19:30:00,MI,84
419,15:00:00,19:30:00,JU,84
420,15:00:00,19:30:00,VI,84
421,15:00:00,20:00:00,LU,85
422,15:00:00,20:00:00,MA,85
423,15:00:00,20:00:00,MI,85
424,15:00:00,20:00:00,JU,85
425,15:00:00,20:00:00,VI,85
426,15:00:00,20:30:00,LU,86
427,15:00:00,20:30:00,MA,86
428,15:00:00,20:30:00,MI,86
429,15:00:00,20:30:00,JU,86
430,15:00:00,20:30:00,VI,86
431,15:00:00,21:00:00,LU,87
432,15:00:00,21:00:00,MA,87
433,15:00:00,21:00:00,MI,87
434,15:00:00,21:00:00,JU,87
435,15:00:00,21:00:00,VI,87
436,15:00:00,21:30:00,LU,88
437,15:00:00,21:30:00,MA,88
438,15:00:00,21:30:00,MI,88
439,15:00:00,21:30:00,JU,88
440,15:00:00,21:30:00,VI,88
441,15:00:00,22:00:00,LU,89
442,15:00:00,22:00:00,MA,89
443,15:00:00,22:00:00,MI,89
444,15:00:00,22:00:00,JU,89
445,15:00:00,22:00:00,VI,89
446,15:30:00,17:30:00,LU,90
447,15:30:00,17:30:00,MA,90
448,15:30:00,17:30:00,MI,90
449,15:30:00,17:30:00,JU,90
450,15:30:00,17:30:00,VI,90
451,15:30:00,18:00:00,LU,91
452,15:30:00,18:00:00,MA,91
453,15:30:00,18:00:00,MI,91
454,15:30:00,18:00:00,JU,91
455,15:30:00,18:00:00,VI,91
456,15:30:00,18:30:00,LU,92
457,15:30:00,18:30:00,MA,92
458,15:30:00,18:30:00,MI,92
459,15:30:00,18:30:00,JU,92
460,15:30:00,18:30:00,VI,92
461,15:30:00,19:00:00,LU,93
462,15:30:00,19:00:00,MA,93
463,15:30:00,19:00:00,MI,93
464,15:30:00,19:00:00,JU,93
465,15:30:00,19:00:00,VI,93
466,15:30:00,19:30:00,LU,94
467,15:30:00,19:30:00,MA,94
468,15:30:00,19:30:00,MI,94
469,15:30:00,19:30:00,JU,94
470,15:30:00,19:30:00,VI,94
471,15:30:00,20:00:00,LU,95
472,15:30:00,20:00:00,MA,95
473,15:30:00,20:00:00,MI,95
474,15:30:00,20:00:00,JU,95
475,15:30:00,20:00:00,VI,95
476,15:30:00,20:30:00,LU,96
477,15:30:00,20:30:00,MA,96
478,15:30:00,20:30:00,MI,96
479,15:30:00,20:30:00,JU,96
480,15:30:00,20:30:00,VI,96
481,15:30:00,21:00:00,LU,97
482,15:30:00,21:00:00,MA,97
483,15:30:00,21:00:00,MI,97
484,15:30:00,21:00:00,JU,97
485,15:30:00,21:00:00,VI,97
486,15:30:00,21:30:00,LU,98
487,15:30:00,21:30:00,MA,98
488,15:30:00,21:30:00,MI,98
489,15:30:00,21:30:00,JU,98
490,15:30:00,21:30:00,VI,98
491,15:30:00,22:00:00,LU,99
492,15:30:00,22:00:00,MA,99
493,15:30:00,22:00:00,MI,99
494,15:30:00,22:00:00,JU,99
495,15:30:00,22:00:00,VI,99
496,16:00:00,17:30:00,LU,100
497,16:00:00,17:30:00,MA,100
498,16:00:00,17:30:00,MI,100
499,16:00:00,17:30:00,JU,100
500,16:00:00,17:30:00,VI,100
501,16:00:00,18:00:00,LU,101
502,16:00:00,18:00:00,MA,101
503,16:00:00,18:00:00,MI,101
504,16:00:00,18:00:00,JU,101
505,16:00:00,18:00:00,VI,101
506,16:00:00,18:30:00,LU,102
507,16:00:00,18:30:00,MA,102
508,16:00:00,18:30:00,MI,102
509,16:00:00,18:30:00,JU,102
510,16:00:00,18:30:00,VI,102
511,16:00:00,19:00:00,LU,103
512,16:00:00,19:00:00,MA,103
513,16:00:00,19:00:00,MI,103
514,16:00:00,19:00:00,JU,103
515,16:00:00,19:00:00,VI,103
516,16:00:00,19:30:00,LU,104
517,16:00:00,19:30:00,MA,104
518,16:00:00,19:30:00,MI,104
519,16:00:00,19:30:00,JU,104
520,16:00:00,19:30:00,VI,104
521,16:00:00,20:00:00,LU,105
522,16:00:00,20:00:00,MA,105
523,16:00:00,20:00:00,MI,105
524,16:00:00,20:00:00,JU,105
525,16:00:00,20:00:00,VI,105
526,16:00:00,20:30:00,LU,106
527,16:00:00,20:30:00,MA,106
528,16:00:00,20:30:00,MI,106
529,16:00:00,20:30:00,JU,106
530,16:00:00,20:30:00,VI,106
531,16:00:00,21:00:00,LU,107
532,16:00:00,21:00:00,MA,107
533,16:00:00,21:00:00,MI,107
534,16:00:00,21:00:00,JU,107
535,16:00:00,21:00:00,VI,107
536,16:00:00,21:30:00,LU,108
537,16:00:00,21:30:00,MA,108
538,16:00:00,21:30:00,MI,108
539,16:00:00,21:30:00,JU,108
540,16:00:00,21:30:00,VI,108
541,16:00:00,22:00:00,LU,109
542,16:00:00,22:00:00,MA,109
543,16:00:00,22:00:00,MI,109
544,16:00:00,22:00:00,JU,109
545,16:00:00,22:00:00,VI,109
546,9:30:00,12:00:00,LU,110
547,9:30:00,12:00:00,MA,110
548,9:30:00,12:00:00,MI,110
549,9:30:00,12:00:00,JU,110
550,9:30:00,12:30:00,VI,110
551,9:30:00,12:30:00,LU,111
552,9:30:00,12:30:00,MA,111
553,9:30:00,12:30:00,MI,111
554,9:30:00,12:30:00,JU,111
555,9:30:00,13:00:00,VI,111
556,9:30:00,13:00:00,LU,112
557,9:30:00,13:00:00,MA,112
558,9:30:00,13:00:00,MI,112
559,9:30:00,13:00:00,JU,112
560,9:30:00,13:30:00,VI,112
561,9:30:00,13:30:00,LU,113
562,9:30:00,13:30:00,MA,113
563,9:30:00,13:30:00,MI,113
564,9:30:00,13:30:00,JU,113
565,9:30:00,14:00:00,VI,113
566,9:30:00,14:00:00,LU,114
567,9:30:00,14:00:00,MA,114
568,9:30:00,14:00:00,MI,114
569,9:30:00,14:00:00,JU,114
570,9:30:00,14:30:00,VI,114
571,9:30:00,14:30:00,LU,115
572,9:30:00,14:30:00,MA,115
573,9:30:00,14:30:00,MI,115
574,9:30:00,14:30:00,JU,115
575,9:30:00,15:00:00,VI,115
576,9:30:00,15:00:00,LU,116
577,9:30:00,15:00:00,MA,116
578,9:30:00,15:00:00,MI,116
579,9:30:00,15:00:00,JU,116
580,10:00:00,12:00:00,VI,116
581,10:00:00,12:00:00,LU,117
582,10:00:00,12:00:00,MA,117
583,10:00:00,12:00:00,MI,117
584,10:00:00,12:30:00,JU,117
585,10:00:00,12:30:00,VI,117
586,10:00:00,12:30:00,LU,118
587,10:00:00,12:30:00,MA,118
588,10:00:00,12:30:00,MI,118
589,10:00:00,13:00:00,JU,118
590,10:00:00,13:00:00,VI,118
591,10:00:00,13:00:00,LU,119
592,10:00:00,13:00:00,MA,119
593,10:00:00,13:00:00,MI,119
594,10:00:00,13:30:00,JU,119
595,10:00:00,13:30:00,VI,119
596,10:00:00,13:30:00,LU,120
597,10:00:00,13:30:00,MA,120
598,10:00:00,13:30:00,MI,120
599,10:00:00,14:00:00,JU,120
600,10:00:00,14:00:00,VI,120
601,10:00:00,14:00:00,LU,121
602,10:00:00,14:00:00,MA,121
603,10:00:00,14:00:00,MI,121
604,10:00:00,14:30:00,JU,121
605,10:00:00,14:30:00,VI,121
606,10:00:00,14:30:00,LU,122
607,10:00:00,14:30:00,MA,122
608,10:00:00,14:30:00,MI,122
609,10:00:00,15:00:00,JU,122
610,10:00:00,15:00:00,VI,122
611,10:00:00,15:00:00,LU,123
612,10:00:00,15:00:00,MA,123
613,10:00:00,15:00:00,MI,123
614,10:30:00,12:00:00,JU,123
615,10:30:00,12:00:00,VI,123
616,10:30:00,12:00:00,LU,124
617,10:30:00,12:00:00,MA,124
618,10:30:00,12:30:00,MI,124
619,10:30:00,12:30:00,JU,124
620,10:30:00,12:30:00,VI,124
621,10:30:00,12:30:00,LU,125
622,10:30:00,12:30:00,MA,125
623,10:30:00,13:00:00,MI,125
624,10:30:00,13:00:00,JU,125
625,10:30:00,13:00:00,VI,125
626,10:30:00,13:00:00,LU,126
627,10:30:00,13:00:00,MA,126
628,10:30:00,13:30:00,MI,126
629,10:30:00,13:30:00,JU,126
630,10:30:00,13:30:00,VI,126
631,10:30:00,13:30:00,LU,127
632,10:30:00,13:30:00,MA,127
633,10:30:00,14:00:00,MI,127
634,10:30:00,14:00:00,JU,127
635,10:30:00,14:00:00,VI,127
636,10:30:00,14:00:00,LU,128
637,10:30:00,14:00:00,MA,128
638,10:30:00,14:30:00,MI,128
639,10:30:00,14:30:00,JU,128
640,10:30:00,14:30:00,VI,128
641,10:30:00,14:30:00,LU,129
642,10:30:00,14:30:00,MA,129
643,10:30:00,15:00:00,MI,129
644,10:30:00,15:00:00,JU,129
645,10:30:00,15:00:00,VI,129
646,10:30:00,15:00:00,LU,130
647,10:30:00,15:00:00,MA,130
648,16:30:00,18:00:00,MI,130
649,16:30:00,18:00:00,JU,130
650,16:30:00,18:00:00,VI,130
651,16:30:00,18:00:00,LU,131
652,16:30:00,18:00:00,MA,131
653,16:30:00,18:30:00,MI,131
654,16:30:00,18:30:00,JU,131
655,16:30:00,18:30:00,VI,131
656,16:30:00,18:30:00,LU,132
657,16:30:00,18:30:00,MA,132
658,16:30:00,19:00:00,MI,132
659,16:30:00,19:00:00,JU,132
660,16:30:00,19:00:00,VI,132
661,16:30:00,19:00:00,LU,133
662,16:30:00,19:00:00,MA,133
663,16:30:00,19:30:00,MI,133
664,16:30:00,19:30:00,JU,133
665,16:30:00,19:30:00,VI,133
666,16:30:00,19:30:00,LU,134
667,16:30:00,19:30:00,MA,134
668,16:30:00,20:00:00,MI,134
669,16:30:00,20:00:00,JU,134
670,16:30:00,20:00:00,VI,134
671,16:30:00,20:00:00,LU,135
672,16:30:00,20:00:00,MA,135
673,16:30:00,20:30:00,MI,135
674,16:30:00,20:30:00,JU,135
675,16:30:00,20:30:00,VI,135
676,16:30:00,20:30:00,LU,136
677,16:30:00,20:30:00,MA,136
678,16:30:00,21:00:00,MI,136
679,16:30:00,21:00:00,JU,136
680,16:30:00,21:00:00,VI,136
681,16:30:00,21:00:00,LU,137
682,16:30:00,21:00:00,MA,137
683,16:30:00,21:30:00,MI,137
684,16:30:00,21:30:00,JU,137
685,16:30:00,21:30:00,VI,137
686,16:30:00,21:30:00,LU,138
687,16:30:00,21:30:00,MA,138
688,16:30:00,22:00:00,MI,138
689,16:30:00,22:00:00,JU,138
690,16:30:00,22:00:00,VI,138
691,16:30:00,22:00:00,LU,139
692,16:30:00,22:00:00,MA,139
693,17:30:00,18:30:00,MI,139
694,17:30:00,18:30:00,JU,139
695,17:30:00,18:30:00,VI,139
696,17:30:00,18:30:00,LU,140
697,17:30:00,18:30:00,MA,140
698,17:30:00,19:00:00,MI,140
699,17:30:00,19:00:00,JU,140
700,17:30:00,19:00:00,VI,140
701,17:30:00,19:00:00,LU,141
702,17:30:00,19:00:00,MA,141
703,17:30:00,19:30:00,MI,141
704,17:30:00,19:30:00,JU,141
705,17:30:00,19:30:00,VI,141
706,17:30:00,19:30:00,LU,142
707,17:30:00,19:30:00,MA,142
708,17:30:00,20:00:00,MI,142
709,17:30:00,20:00:00,JU,142
710,17:30:00,20:00:00,VI,142
711,17:30:00,20:00:00,LU,143
712,17:30:00,20:00:00,MA,143
713,17:30:00,20:30:00,MI,143
714,17:30:00,20:30:00,JU,143
715,17:30:00,20:30:00,VI,143
716,17:30:00,20:30:00,LU,144
717,17:30:00,20:30:00,MA,144
718,17:30:00,21:00:00,MI,144
719,17:30:00,21:00:00,JU,144
720,17:30:00,21:00:00,VI,144
721,17:30:00,21:00:00,LU,145
722,17:30:00,21:00:00,MA,145
723,17:30:00,21:30:00,MI,145
724,17:30:00,21:30:00,JU,145
725,17:30:00,21:30:00,VI,145
726,17:30:00,21:30:00,LU,146
727,17:30:00,21:30:00,MA,146
728,17:30:00,22:00:00,MI,146
729,17:30:00,22:00:00,JU,146
730,17:30:00,22:00:00,VI,146
731,17:30:00,22:00:00,LU,147
732,17:30:00,22:00:00,MA,147
733,18:00:00,19:30:00,MI,147
734,18:00:00,19:30:00,JU,147
735,18:00:00,19:30:00,VI,147
736,18:00:00,19:30:00,LU,148
737,18:00:00,19:30:00,MA,148
738,18:00:00,20:00:00,MI,148
739,18:00:00,20:00:00,JU,148
740,18:00:00,20:00:00,VI,148
741,18:00:00,20:00:00,LU,149
742,18:00:00,20:00:00,MA,149
743,18:00:00,20:30:00,MI,149
744,18:00:00,20:30:00,JU,149
745,18:00:00,20:30:00,VI,149
746,18:00:00,20:30:00,LU,150
747,18:00:00,20:30:00,MA,150
748,18:00:00,21:00:00,MI,150
749,18:00:00,21:00:00,JU,150
750,18:00:00,21:00:00,VI,150
751,18:00:00,21:00:00,LU,151
752,18:00:00,21:00:00,MA,151
753,18:00:00,21:30:00,MI,151
754,18:00:00,21:30:00,JU,151
755,18:00:00,21:30:00,VI,151
756,18:00:00,21:30:00,LU,152
757,18:00:00,21:30:00,MA,152
758,18:00:00,22:00:00,MI,152
759,18:00:00,22:00:00,JU,152
760,18:00:00,22:00:00,VI,152
761,18:00:00,22:00:00,LU,153
762,18:00:00,22:00:00,MA,153
763,7:00:00,10:30:00,MI,153
764,7:00:00,10:30:00,JU,153
765,7:00:00,10:30:00,VI,153
766,7:00:00,10:30:00,LU,154
767,7:00:00,10:30:00,MA,154
768,7:00:00,11:00:00,MI,154
769,7:00:00,11:00:00,JU,154
770,7:00:00,11:00:00,VI,154
771,7:00:00,11:00:00,LU,155
772,7:00:00,11:00:00,MA,155
773,7:00:00,11:30:00,MI,155
774,7:00:00,11:30:00,JU,155
775,7:00:00,11:30:00,VI,155
776,7:00:00,11:30:00,LU,156
777,7:00:00,11:30:00,MA,156
778,7:00:00,12:00:00,MI,156
779,7:00:00,12:00:00,JU,156
780,7:00:00,12:00:00,VI,156
781,7:00:00,12:00:00,LU,157
782,7:00:00,12:00:00,MA,157
783,7:00:00,12:30:00,MI,157
784,7:00:00,12:30:00,JU,157
785,7:00:00,12:30:00,VI,157
786,7:00:00,12:30:00,LU,158
787,7:00:00,12:30:00,MA,158
788,7:00:00,13:00:00,MI,158
789,7:00:00,13:00:00,JU,158
790,7:00:00,13:00:00,VI,158
791,7:00:00,13:00:00,LU,159
792,7:00:00,13:00:00,MA,159
793,7:00:00,13:30:00,MI,159
794,7:00:00,13:30:00,JU,159
795,7:00:00,13:30:00,VI,159
796,7:00:00,13:30:00,LU,160
797,7:00:00,13:30:00,MA,160
798,7:00:00,14:00:00,MI,160
799,7:00:00,14:00:00,JU,160
800,7:00:00,14:00:00,VI,160
801,7:00:00,14:00:00,LU,161
802,7:00:00,14:00:00,MA,161
803,7:00:00,14:30:00,MI,161
804,7:00:00,14:30:00,JU,161
805,7:00:00,14:30:00,VI,161
806,7:00:00,14:30:00,LU,162
807,7:00:00,14:30:00,MA,162
808,7:00:00,15:00:00,MI,162
809,7:00:00,15:00:00,JU,162
810,7:00:00,15:00:00,VI,162
811,7:00:00,15:00:00,LU,163
812,7:00:00,15:00:00,MA,163
813,7:30:00,10:30:00,MI,163
814,7:30:00,10:30:00,JU,163
815,7:30:00,10:30:00,VI,163
816,7:30:00,10:30:00,LU,164
817,7:30:00,10:30:00,MA,164
818,7:30:00,11:00:00,MI,164
819,7:30:00,11:00:00,JU,164
820,7:30:00,11:00:00,VI,164
821,7:30:00,11:00:00,LU,165
822,7:30:00,11:00:00,MA,165
823,7:30:00,11:30:00,MI,165
824,7:30:00,11:30:00,JU,165
825,7:30:00,11:30:00,VI,165
826,7:30:00,11:30:00,LU,166
827,7:30:00,11:30:00,MA,166
828,7:30:00,12:00:00,MI,166
829,7:30:00,12:00:00,JU,166
830,7:30:00,12:00:00,VI,166
831,7:30:00,12:00:00,LU,167
832,7:30:00,12:00:00,MA,167
833,7:30:00,12:30:00,MI,167
834,7:30:00,12:30:00,JU,167
835,7:30:00,12:30:00,VI,167
836,7:30:00,12:30:00,LU,168
837,7:30:00,12:30:00,MA,168
838,7:30:00,13:00:00,MI,168
839,7:30:00,13:00:00,JU,168
840,7:30:00,13:00:00,VI,168
841,7:30:00,13:00:00,LU,169
842,7:30:00,13:00:00,MA,169
843,7:30:00,13:30:00,MI,169
844,7:30:00,13:30:00,JU,169
845,7:30:00,13:30:00,VI,169
846,7:30:00,13:30:00,LU,170
847,7:30:00,13:30:00,MA,170
848,7:30:00,14:00:00,MI,170
849,7:30:00,14:00:00,JU,170
850,7:30:00,14:00:00,VI,170
851,7:30:00,14:00:00,LU,171
852,7:30:00,14:00:00,MA,171
853,7:30:00,14:30:00,MI,171
854,7:30:00,14:30:00,JU,171
855,7:30:00,14:30:00,VI,171
856,7:30:00,14:30:00,LU,172
857,7:30:00,14:30:00,MA,172
858,7:30:00,15:00:00,MI,172
859,7:30:00,15:00:00,JU,172
860,7:30:00,15:00:00,VI,172
861,7:30:00,15:00:00,LU,173
862,7:30:00,15:00:00,MA,173
863,8:00:00,10:30:00,MI,173
864,8:00:00,10:30:00,JU,173
865,8:00:00,10:30:00,VI,173
866,8:00:00,10:30:00,LU,174
867,8:00:00,10:30:00,MA,174
868,8:00:00,11:00:00,MI,174
869,8:00:00,11:00:00,JU,174
870,8:00:00,11:00:00,VI,174
871,8:00:00,11:00:00,LU,175
872,8:00:00,11:00:00,MA,175
873,8:00:00,11:30:00,MI,175
874,8:00:00,11:30:00,JU,175
875,8:00:00,11:30:00,VI,175
876,8:00:00,11:30:00,LU,176
877,8:00:00,11:30:00,MA,176
878,8:00:00,12:00:00,MI,176
879,8:00:00,12:00:00,JU,176
880,8:00:00,12:00:00,VI,176
881,8:00:00,12:00:00,LU,177
882,8:00:00,12:00:00,MA,177
883,8:00:00,12:30:00,MI,177
884,8:00:00,12:30:00,JU,177
885,8:00:00,12:30:00,VI,177
886,8:00:00,12:30:00,LU,178
887,8:00:00,12:30:00,MA,178
888,8:00:00,13:00:00,MI,178
889,8:00:00,13:00:00,JU,178
890,8:00:00,13:00:00,VI,178
891,8:00:00,13:00:00,LU,179
892,8:00:00,13:00:00,MA,179
893,8:00:00,13:30:00,MI,179
894,8:00:00,13:30:00,JU,179
895,8:00:00,13:30:00,VI,179
896,8:00:00,13:30:00,LU,180
897,8:00:00,13:30:00,MA,180
898,8:00:00,14:00:00,MI,180
899,8:00:00,14:00:00,JU,180
900,8:00:00,14:00:00,VI,180
901,8:00:00,14:00:00,LU,181
902,8:00:00,14:00:00,MA,181
903,8:00:00,14:30:00,MI,181
904,8:00:00,14:30:00,JU,181
905,8:00:00,14:30:00,VI,181
906,8:00:00,14:30:00,LU,182
907,8:00:00,14:30:00,MA,182
908,8:00:00,15:00:00,MI,182
909,8:00:00,15:00:00,JU,182
910,8:00:00,15:00:00,VI,182
911,8:00:00,15:00:00,LU,183
912,8:00:00,15:00:00,MA,183
913,8:30:00,10:30:00,MI,183
914,8:30:00,10:30:00,JU,183
915,8:30:00,10:30:00,VI,183
916,8:30:00,10:30:00,LU,184
917,8:30:00,10:30:00,MA,184
918,8:30:00,11:00:00,MI,184
919,8:30:00,11:00:00,JU,184
920,8:30:00,11:00:00,VI,184
921,8:30:00,11:00:00,LU,185
922,8:30:00,11:00:00,MA,185
923,8:30:00,11:30:00,MI,185
924,8:30:00,11:30:00,JU,185
925,8:30:00,11:30:00,VI,185
926,8:30:00,11:30:00,LU,186
927,8:30:00,11:30:00,MA,186
928,8:30:00,12:00:00,MI,186
929,8:30:00,12:00:00,JU,186
930,8:30:00,12:00:00,VI,186
931,8:30:00,12:00:00,LU,187
932,8:30:00,12:00:00,MA,187
933,8:30:00,12:30:00,MI,187
934,8:30:00,12:30:00,JU,187
935,8:30:00,12:30:00,VI,187
936,8:30:00,12:30:00,LU,188
937,8:30:00,12:30:00,MA,188
938,8:30:00,13:00:00,MI,188
939,8:30:00,13:00:00,JU,188
940,8:30:00,13:00:00,VI,188
941,8:30:00,13:00:00,LU,189
942,8:30:00,13:00:00,MA,189
943,8:30:00,13:30:00,MI,189
944,8:30:00,13:30:00,JU,189
945,8:30:00,13:30:00,VI,189
946,8:30:00,13:30:00,LU,190
947,8:30:00,13:30:00,MA,190
948,8:30:00,14:00:00,MI,190
949,8:30:00,14:00:00,JU,190
950,8:30:00,14:00:00,VI,190
951,8:30:00,14:00:00,LU,191
952,8:30:00,14:00:00,MA,191
953,8:30:00,14:30:00,MI,191
954,8:30:00,14:30:00,JU,191
955,8:30:00,14:30:00,VI,191
956,8:30:00,14:30:00,LU,192
957,8:30:00,14:30:00,MA,192
958,8:30:00,15:00:00,MI,192
959,8:30:00,15:00:00,JU,192
960,8:30:00,15:00:00,VI,192
961,8:30:00,15:00:00,LU,193
962,8:30:00,15:00:00,MA,193
963,9:00:00,10:30:00,MI,193
964,9:00:00,10:30:00,JU,193
965,9:00:00,10:30:00,VI,193
966,9:00:00,10:30:00,LU,194
967,9:00:00,10:30:00,MA,194
968,9:00:00,11:00:00,MI,194
969,9:00:00,11:00:00,JU,194
970,9:00:00,11:00:00,VI,194
971,9:00:00,11:00:00,LU,195
972,9:00:00,11:00:00,MA,195
973,9:00:00,11:30:00,MI,195
974,9:00:00,11:30:00,JU,195
975,9:00:00,11:30:00,VI,195
976,9:00:00,11:30:00,LU,196
977,9:00:00,11:30:00,MA,196
978,9:00:00,12:00:00,MI,196
979,9:00:00,12:00:00,JU,196
980,9:00:00,12:00:00,VI,196
981,9:00:00,12:00:00,LU,197
982,9:00:00,12:00:00,MA,197
983,9:00:00,12:30:00,MI,197
984,9:00:00,12:30:00,JU,197
985,9:00:00,12:30:00,VI,197
986,9:00:00,12:30:00,LU,198
987,9:00:00,12:30:00,MA,198
988,9:00:00,13:00:00,MI,198
989,9:00:00,13:00:00,JU,198
990,9:00:00,13:00:00,VI,198
991,9:00:00,13:00:00,LU,199
992,9:00:00,13:00:00,MA,199
993,9:00:00,13:30:00,MI,199
994,9:00:00,13:30:00,JU,199
995,9:00:00,13:30:00,VI,199
996,9:00:00,13:30:00,LU,200
997,9:00:00,13:30:00,MA,200
998,9:00:00,14:00:00,MI,200
999,9:00:00,14:00:00,JU,200
1000,9:00:00,14:00:00,VI,200
1001,9:00:00,14:00:00,LU,201
1002,9:00:00,14:00:00,MA,201
1003,9:00:00,14:30:00,MI,201
1004,9:00:00,14:30:00,JU,201
1005,9:00:00,14:30:00,VI,201
1006,9:00:00,14:30:00,LU,202
1007,9:00:00,14:30:00,MA,202
1008,9:00:00,15:00:00,MI,202
1009,9:00:00,15:00:00,JU,202
1010,9:00:00,15:00:00,VI,202
1011,9:00:00,15:00:00,LU,203
1012,9:00:00,15:00:00,MA,203
1013,13:30:00,17:30:00,MI,203
1014,13:30:00,17:30:00,JU,203
1015,13:30:00,17:30:00,VI,203
1016,13:30:00,17:30:00,LU,204
1017,13:30:00,17:30:00,MA,204
1018,13:30:00,18:00:00,MI,204
1019,13:30:00,18:00:00,JU,204
1020,13:30:00,18:00:00,VI,204
1021,13:30:00,18:00:00,LU,205
1022,13:30:00,18:00:00,MA,205
1023,13:30:00,18:30:00,MI,205
1024,13:30:00,18:30:00,JU,205
1025,13:30:00,18:30:00,VI,205
1026,13:30:00,18:30:00,LU,206
1027,13:30:00,18:30:00,MA,206
1028,13:30:00,19:00:00,MI,206
1029,13:30:00,19:00:00,JU,206
1030,13:30:00,19:00:00,VI,206
1031,13:30:00,19:00:00,LU,207
1032,13:30:00,19:00:00,MA,207
1033,13:30:00,19:30:00,MI,207
1034,13:30:00,19:30:00,JU,207
1035,13:30:00,19:30:00,VI,207
1036,13:30:00,19:30:00,LU,208
1037,13:30:00,19:30:00,MA,208
1038,13:30:00,20:00:00,MI,208
1039,13:30:00,20:00:00,JU,208
1040,13:30:00,20:00:00,VI,208
1041,13:30:00,20:00:00,LU,209
1042,13:30:00,20:00:00,MA,209
1043,13:30:00,20:30:00,MI,209
1044,13:30:00,20:30:00,JU,209
1045,13:30:00,20:30:00,VI,209
1046,13:30:00,20:30:00,LU,210
1047,13:30:00,20:30:00,MA,210
1048,13:30:00,21:00:00,MI,210
1049,13:30:00,21:00:00,JU,210
1050,13:30:00,21:00:00,VI,210
1051,13:30:00,21:00:00,LU,211
1052,13:30:00,21:00:00,MA,211
1053,13:30:00,21:30:00,MI,211
1054,13:30:00,21:30:00,JU,211
1055,13:30:00,21:30:00,VI,211
1056,13:30:00,21:30:00,LU,212
1057,13:30:00,21:30:00,MA,212
1058,14:00:00,17:30:00,MI,212
1059,14:00:00,17:30:00,JU,212
1060,14:00:00,17:30:00,VI,212
1061,14:00:00,17:30:00,LU,213
1062,14:00:00,17:30:00,MA,213
1063,14:00:00,18:00:00,MI,213
1064,14:00:00,18:00:00,JU,213
1065,14:00:00,18:00:00,VI,213
1066,14:00:00,18:00:00,LU,214
1067,14:00:00,18:00:00,MA,214
1068,14:00:00,18:30:00,MI,214
1069,14:00:00,18:30:00,JU,214
1070,14:00:00,18:30:00,VI,214
1071,14:00:00,18:30:00,LU,215
1072,14:00:00,18:30:00,MA,215
1073,14:00:00,19:00:00,MI,215
1074,14:00:00,19:00:00,JU,215
1075,14:00:00,19:00:00,VI,215
1076,14:00:00,19:00:00,LU,216
1077,14:00:00,19:00:00,MA,216
1078,14:00:00,19:30:00,MI,216
1079,14:00:00,19:30:00,JU,216
1080,14:00:00,19:30:00,VI,216
1081,14:00:00,19:30:00,LU,217
1082,14:00:00,19:30:00,MA,217
1083,14:00:00,20:00:00,MI,217
1084,14:00:00,20:00:00,JU,217
1085,14:00:00,20:00:00,VI,217
1086,14:00:00,20:00:00,LU,218
1087,14:00:00,20:00:00,MA,218
1088,14:00:00,20:30:00,MI,218
1089,14:00:00,20:30:00,JU,218
1090,14:00:00,20:30:00,VI,218
1091,14:00:00,20:30:00,LU,219
1092,14:00:00,20:30:00,MA,219
1093,14:00:00,21:00:00,MI,219
1094,14:00:00,21:00:00,JU,219
1095,14:00:00,21:00:00,VI,219
1096,14:00:00,21:00:00,LU,220
1097,14:00:00,21:00:00,MA,220
1098,14:00:00,21:30:00,MI,220
1099,14:00:00,21:30:00,JU,220
1100,14:00:00,21:30:00,VI,220
1101,14:00:00,21:30:00,LU,221
1102,14:00:00,21:30:00,MA,221
1103,14:00:00,22:00:00,MI,221
1104,14:00:00,22:00:00,JU,221
1105,14:00:00,22:00:00,VI,221
1106,14:00:00,22:00:00,LU,222
1107,14:00:00,22:00:00,MA,222
1108,14:30:00,17:30:00,MI,222
1109,14:30:00,17:30:00,JU,222
1110,14:30:00,17:30:00,VI,222
1111,14:30:00,17:30:00,LU,223
1112,14:30:00,17:30:00,MA,223
1113,14:30:00,18:00:00,MI,223
1114,14:30:00,18:00:00,JU,223
1115,14:30:00,18:00:00,VI,223
1116,14:30:00,18:00:00,LU,224
1117,14:30:00,18:00:00,MA,224
1118,14:30:00,18:30:00,MI,224
1119,14:30:00,18:30:00,JU,224
1120,14:30:00,18:30:00,VI,224
1121,14:30:00,18:30:00,LU,225
1122,14:30:00,18:30:00,MA,225
1123,14:30:00,19:00:00,MI,225
1124,14:30:00,19:00:00,JU,225
1125,14:30:00,19:00:00,VI,225
1126,14:30:00,19:00:00,LU,226
1127,14:30:00,19:00:00,MA,226
1128,14:30:00,19:30:00,MI,226
1129,14:30:00,19:30:00,JU,226
1130,14:30:00,19:30:00,VI,226
1131,14:30:00,19:30:00,LU,227
1132,14:30:00,19:30:00,MA,227
1133,14:30:00,20:00:00,MI,227
1134,14:30:00,20:00:00,JU,227
1135,14:30:00,20:00:00,VI,227
1136,14:30:00,20:00:00,LU,228
1137,14:30:00,20:00:00,MA,228
1138,14:30:00,20:30:00,MI,228
1139,14:30:00,20:30:00,JU,228
1140,14:30:00,20:30:00,VI,228
1141,14:30:00,20:30:00,LU,229
1142,14:30:00,20:30:00,MA,229
1143,14:30:00,21:00:00,MI,229
1144,14:30:00,21:00:00,JU,229
1145,14:30:00,21:00:00,VI,229
1146,14:30:00,21:00:00,LU,230
1147,14:30:00,21:00:00,MA,230
1148,14:30:00,21:30:00,MI,230
1149,14:30:00,21:30:00,JU,230
1150,14:30:00,21:30:00,VI,230
1151,14:30:00,21:30:00,LU,231
1152,14:30:00,21:30:00,MA,231
1153,14:30:00,22:00:00,MI,231
1154,14:30:00,22:00:00,JU,231
1155,14:30:00,22:00:00,VI,231
1156,14:30:00,22:00:00,LU,232
1157,14:30:00,22:00:00,MA,232
1158,15:00:00,17:30:00,MI,232
1159,15:00:00,17:30:00,JU,232
1160,15:00:00,17:30:00,VI,232
1161,15:00:00,17:30:00,LU,233
1162,15:00:00,17:30:00,MA,233
1163,15:00:00,18:00:00,MI,233
1164,15:00:00,18:00:00,JU,233
1165,15:00:00,18:00:00,VI,233
1166,15:00:00,18:00:00,LU,234
1167,15:00:00,18:00:00,MA,234
1168,15:00:00,18:30:00,MI,234
1169,15:00:00,18:30:00,JU,234
1170,15:00:00,18:30:00,VI,234
1171,15:00:00,18:30:00,LU,235
1172,15:00:00,18:30:00,MA,235
1173,15:00:00,19:00:00,MI,235
1174,15:00:00,19:00:00,JU,235
1175,15:00:00,19:00:00,VI,235
1176,15:00:00,19:00:00,LU,236
1177,15:00:00,19:00:00,MA,236
1178,15:00:00,19:30:00,MI,236
1179,15:00:00,19:30:00,JU,236
1180,15:00:00,19:30:00,VI,236
1181,15:00:00,19:30:00,LU,237
1182,15:00:00,19:30:00,MA,237
1183,15:00:00,20:00:00,MI,237
1184,15:00:00,20:00:00,JU,237
1185,15:00:00,20:00:00,VI,237
1186,15:00:00,20:00:00,LU,238
1187,15:00:00,20:00:00,MA,238
1188,15:00:00,20:30:00,MI,238
1189,15:00:00,20:30:00,JU,238
1190,15:00:00,20:30:00,VI,238
1191,15:00:00,20:30:00,LU,239
1192,15:00:00,20:30:00,MA,239
1193,15:00:00,21:00:00,MI,239
1194,15:00:00,21:00:00,JU,239
1195,15:00:00,21:00:00,VI,239
1196,15:00:00,21:00:00,LU,240
1197,15:00:00,21:00:00,MA,240
1198,15:00:00,21:30:00,MI,240
1199,15:00:00,21:30:00,JU,240
1200,15:00:00,21:30:00,VI,240
1201,15:00:00,21:30:00,LU,241
1202,15:00:00,21:30:00,MA,241
1203,15:00:00,22:00:00,MI,241
1204,15:00:00,22:00:00,JU,241
1205,15:00:00,22:00:00,VI,241
1206,15:00:00,22:00:00,LU,242
1207,15:00:00,22:00:00,MA,242
1208,15:30:00,17:30:00,MI,242
1209,15:30:00,17:30:00,JU,242
1210,15:30:00,17:30:00,VI,242
1211,15:30:00,17:30:00,LU,243
1212,15:30:00,17:30:00,MA,243
1213,15:30:00,18:00:00,MI,243
1214,15:30:00,18:00:00,JU,243
1215,15:30:00,18:00:00,VI,243
1216,15:30:00,18:00:00,LU,244
1217,15:30:00,18:00:00,MA,244
1218,15:30:00,18:30:00,MI,244
1219,15:30:00,18:30:00,JU,244
1220,15:30:00,18:30:00,VI,244
1221,15:30:00,18:30:00,LU,245
1222,15:30:00,18:30:00,MA,245
1223,15:30:00,19:00:00,MI,245
1224,15:30:00,19:00:00,JU,245
1225,15:30:00,19:00:00,VI,245
1226,15:30:00,19:00:00,LU,246
1227,15:30:00,19:00:00,MA,246
1228,15:30:00,19:30:00,MI,246
1229,15:30:00,19:30:00,JU,246
1230,15:30:00,19:30:00,VI,246
1231,15:30:00,19:30:00,LU,247
1232,15:30:00,19:30:00,MA,247
1233,15:30:00,20:00:00,MI,247
1234,15:30:00,20:00:00,JU,247
1235,15:30:00,20:00:00,VI,247
1236,15:30:00,20:00:00,LU,248
1237,15:30:00,20:00:00,MA,248
1238,15:30:00,20:30:00,MI,248
1239,15:30:00,20:30:00,JU,248
1240,15:30:00,20:30:00,VI,248
1241,15:30:00,20:30:00,LU,249
1242,15:30:00,20:30:00,MA,249
1243,15:30:00,21:00:00,MI,249
1244,15:30:00,21:00:00,JU,249
1245,15:30:00,21:00:00,VI,249
1246,15:30:00,21:00:00,LU,250
1247,15:30:00,21:00:00,MA,250
1248,15:30:00,21:30:00,MI,250
1249,15:30:00,21:30:00,JU,250
1250,15:30:00,21:30:00,VI,250
1251,15:30:00,21:30:00,LU,251
1252,15:30:00,21:30:00,MA,251
1253,15:30:00,22:00:00,MI,251
1254,15:30:00,22:00:00,JU,251
1255,15:30:00,22:00:00,VI,251
1256,15:30:00,22:00:00,LU,252
1257,15:30:00,22:00:00,MA,252
1258,16:00:00,17:30:00,MI,252
1259,16:00:00,17:30:00,JU,252
1260,16:00:00,17:30:00,VI,252
1261,16:00:00,17:30:00,LU,253
1262,16:00:00,17:30:00,MA,253
1263,16:00:00,18:00:00,MI,253
1264,16:00:00,18:00:00,JU,253
1265,16:00:00,18:00:00,VI,253
1266,16:00:00,18:00:00,LU,254
1267,16:00:00,18:00:00,MA,254
1268,16:00:00,18:30:00,MI,254
1269,16:00:00,18:30:00,JU,254
1270,16:00:00,18:30:00,VI,254
1271,16:00:00,18:30:00,LU,255
1272,16:00:00,18:30:00,MA,255
1273,16:00:00,19:00:00,MI,255
1274,16:00:00,19:00:00,JU,255
1275,16:00:00,19:00:00,VI,255
1276,16:00:00,19:00:00,LU,256
1277,16:00:00,19:00:00,MA,256
1278,16:00:00,19:30:00,MI,256
1279,16:00:00,19:30:00,JU,256
1280,16:00:00,19:30:00,VI,256
1281,16:00:00,19:30:00,LU,257
1282,16:00:00,19:30:00,MA,257
1283,16:00:00,20:00:00,MI,257
1284,16:00:00,20:00:00,JU,257
1285,16:00:00,20:00:00,VI,257
1286,16:00:00,20:00:00,LU,258
1287,16:00:00,20:00:00,MA,258
1288,16:00:00,20:30:00,MI,258
1289,16:00:00,20:30:00,JU,258
1290,16:00:00,20:30:00,VI,258
1291,16:00:00,20:30:00,LU,259
1292,16:00:00,20:30:00,MA,259
1293,16:00:00,21:00:00,MI,259
1294,16:00:00,21:00:00,JU,259
1295,16:00:00,21:00:00,VI,259
1296,16:00:00,21:00:00,LU,260
1297,16:00:00,21:00:00,MA,260
1298,16:00:00,21:30:00,MI,260
1299,16:00:00,21:30:00,JU,260
1300,16:00:00,21:30:00,VI,260
1301,16:00:00,21:30:00,LU,261
1302,16:00:00,21:30:00,MA,261
1303,16:00:00,22:00:00,MI,261
1304,16:00:00,22:00:00,JU,261
1305,16:00:00,22:00:00,VI,261
1306,16:00:00,22:00:00,LU,262
1307,16:00:00,22:00:00,MA,262
1308,9:30:00,12:00:00,MI,262
1309,9:30:00,12:00:00,JU,262
1310,9:30:00,12:00:00,VI,262
1311,9:30:00,12:00:00,LU,263
1312,9:30:00,12:30:00,MA,263
1313,9:30:00,12:30:00,MI,263
1314,9:30:00,12:30:00,JU,263
1315,9:30:00,12:30:00,VI,263
1316,9:30:00,12:30:00,LU,264
1317,9:30:00,13:00:00,MA,264
1318,9:30:00,13:00:00,MI,264
1319,9:30:00,13:00:00,JU,264
1320,9:30:00,13:00:00,VI,264
1321,9:30:00,13:00:00,LU,265
1322,9:30:00,13:30:00,MA,265
1323,9:30:00,13:30:00,MI,265
1324,9:30:00,13:30:00,JU,265
1325,9:30:00,13:30:00,VI,265
1326,9:30:00,13:30:00,LU,266
1327,9:30:00,14:00:00,MA,266
1328,9:30:00,14:00:00,MI,266
1329,9:30:00,14:00:00,JU,266
1330,9:30:00,14:00:00,VI,266
1331,9:30:00,14:00:00,LU,267
1332,9:30:00,14:30:00,MA,267
1333,9:30:00,14:30:00,MI,267
1334,9:30:00,14:30:00,JU,267
1335,9:30:00,14:30:00,VI,267
1336,9:30:00,14:30:00,LU,268
1337,9:30:00,15:00:00,MA,268
1338,9:30:00,15:00:00,MI,268
1339,9:30:00,15:00:00,JU,268
1340,9:30:00,15:00:00,VI,268
1341,9:30:00,15:00:00,LU,269
1342,10:00:00,12:00:00,MA,269
1343,10:00:00,12:00:00,MI,269
1344,10:00:00,12:00:00,JU,269
1345,10:00:00,12:00:00,VI,269
1346,10:00:00,12:30:00,LU,270
1347,10:00:00,12:30:00,MA,270
1348,10:00:00,12:30:00,MI,270
1349,10:00:00,12:30:00,JU,270
1350,10:00:00,12:30:00,VI,270
1351,10:00:00,13:00:00,LU,271
1352,10:00:00,13:00:00,MA,271
1353,10:00:00,13:00:00,MI,271
1354,10:00:00,13:00:00,JU,271
1355,10:00:00,13:00:00,VI,271
1356,10:00:00,13:30:00,LU,272
1357,10:00:00,13:30:00,MA,272
1358,10:00:00,13:30:00,MI,272
1359,10:00:00,13:30:00,JU,272
1360,10:00:00,13:30:00,VI,272
1361,10:00:00,14:00:00,LU,273
1362,10:00:00,14:00:00,MA,273
1363,10:00:00,14:00:00,MI,273
1364,10:00:00,14:00:00,JU,273
1365,10:00:00,14:00:00,VI,273
1366,10:00:00,14:30:00,LU,274
1367,10:00:00,14:30:00,MA,274
1368,10:00:00,14:30:00,MI,274
1369,10:00:00,14:30:00,JU,274
1370,10:00:00,14:30:00,VI,274
1371,10:00:00,15:00:00,LU,275
1372,10:00:00,15:00:00,MA,275
1373,10:00:00,15:00:00,MI,275
1374,10:00:00,15:00:00,JU,275
1375,10:00:00,15:00:00,VI,275
1376,10:30:00,12:00:00,LU,276
1377,10:30:00,12:00:00,MA,276
1378,10:30:00,12:00:00,MI,276
1379,10:30:00,12:00:00,JU,276
1380,10:30:00,12:30:00,VI,276
1381,10:30:00,12:30:00,LU,277
1382,10:30:00,12:30:00,MA,277
1383,10:30:00,12:30:00,MI,277
1384,10:30:00,12:30:00,JU,277
1385,10:30:00,13:00:00,VI,277
1386,10:30:00,13:00:00,LU,278
1387,10:30:00,13:00:00,MA,278
1388,10:30:00,13:00:00,MI,278
1389,10:30:00,13:00:00,JU,278
1390,10:30:00,13:30:00,VI,278
1391,10:30:00,13:30:00,LU,279
1392,10:30:00,13:30:00,MA,279
1393,10:30:00,13:30:00,MI,279
1394,10:30:00,13:30:00,JU,279
1395,10:30:00,14:00:00,VI,279
1396,10:30:00,14:00:00,LU,280
1397,10:30:00,14:00:00,MA,280
1398,10:30:00,14:00:00,MI,280
1399,10:30:00,14:00:00,JU,280
1400,10:30:00,14:30:00,VI,280
1401,10:30:00,14:30:00,LU,281
1402,10:30:00,14:30:00,MA,281
1403,10:30:00,14:30:00,MI,281
1404,10:30:00,14:30:00,JU,281
1405,10:30:00,15:00:00,VI,281
1406,10:30:00,15:00:00,LU,282
1407,10:30:00,15:00:00,MA,282
1408,10:30:00,15:00:00,MI,282
1409,10:30:00,15:00:00,JU,282
1410,16:30:00,18:00:00,VI,282
1411,16:30:00,18:00:00,LU,283
1412,16:30:00,18:00:00,MA,283
1413,16:30:00,18:00:00,MI,283
1414,16:30:00,18:00:00,JU,283
1415,16:30:00,18:30:00,VI,283
1416,16:30:00,18:30:00,LU,284
1417,16:30:00,18:30:00,MA,284
1418,16:30:00,18:30:00,MI,284
1419,16:30:00,18:30:00,JU,284
1420,16:30:00,19:00:00,VI,284
1421,16:30:00,19:00:00,LU,285
1422,16:30:00,19:00:00,MA,285
1423,16:30:00,19:00:00,MI,285
1424,16:30:00,19:00:00,JU,285
1425,16:30:00,19:30:00,VI,285
1426,16:30:00,19:30:00,LU,286
1427,16:30:00,19:30:00,MA,286
1428,16:30:00,19:30:00,MI,286
1429,16:30:00,19:30:00,JU,286
1430,16:30:00,20:00:00,VI,286
1431,16:30:00,20:00:00,LU,287
1432,16:30:00,20:00:00,MA,287
1433,16:30:00,20:00:00,MI,287
1434,16:30:00,20:00:00,JU,287
1435,16:30:00,20:30:00,VI,287
1436,16:30:00,20:30:00,LU,288
1437,16:30:00,20:30:00,MA,288
1438,16:30:00,20:30:00,MI,288
1439,16:30:00,20:30:00,JU,288
1440,16:30:00,21:00:00,VI,288
1441,16:30:00,21:00:00,LU,289
1442,16:30:00,21:00:00,MA,289
1443,16:30:00,21:00:00,MI,289
1444,16:30:00,21:00:00,JU,289
1445,16:30:00,21:30:00,VI,289
1446,16:30:00,21:30:00,LU,290
1447,16:30:00,21:30:00,MA,290
1448,16:30:00,21:30:00,MI,290
1449,16:30:00,21:30:00,JU,290
1450,16:30:00,22:00:00,VI,290
1451,16:30:00,22:00:00,LU,291
1452,16:30:00,22:00:00,MA,291
1453,16:30:00,22:00:00,MI,291
1454,16:30:00,22:00:00,JU,291
1455,17:30:00,18:30:00,VI,291
1456,17:30:00,18:30:00,LU,292
1457,17:30:00,18:30:00,MA,292
1458,17:30:00,18:30:00,MI,292
1459,17:30:00,18:30:00,JU,292
1460,17:30:00,19:00:00,VI,292
1461,17:30:00,19:00:00,LU,293
1462,17:30:00,19:00:00,MA,293
1463,17:30:00,19:00:00,MI,293
1464,17:30:00,19:00:00,JU,293
1465,17:30:00,19:30:00,VI,293
1466,17:30:00,19:30:00,LU,294
1467,17:30:00,19:30:00,MA,294
1468,17:30:00,19:30:00,MI,294
1469,17:30:00,19:30:00,JU,294
1470,17:30:00,20:00:00,VI,294
1471,17:30:00,20:00:00,LU,295
1472,17:30:00,20:00:00,MA,295
1473,17:30:00,20:00:00,MI,295
1474,17:30:00,20:00:00,JU,295
1475,17:30:00,20:30:00,VI,295
1476,17:30:00,20:30:00,LU,296
1477,17:30:00,20:30:00,MA,296
1478,17:30:00,20:30:00,MI,296
1479,17:30:00,20:30:00,JU,296
1480,17:30:00,21:00:00,VI,296
1481,17:30:00,21:00:00,LU,297
1482,17:30:00,21:00:00,MA,297
1483,17:30:00,21:00:00,MI,297
1484,17:30:00,21:00:00,JU,297
1485,17:30:00,21:30:00,VI,297
1486,17:30:00,21:30:00,LU,298
1487,17:30:00,21:30:00,MA,298
1488,17:30:00,21:30:00,MI,298
1489,17:30:00,21:30:00,JU,298
1490,17:30:00,22:00:00,VI,298
1491,17:30:00,22:00:00,LU,299
1492,17:30:00,22:00:00,MA,299
1493,17:30:00,22:00:00,MI,299
1494,17:30:00,22:00:00,JU,299
1495,18:00:00,19:30:00,VI,299
1496,18:00:00,19:30:00,LU,300
1497,18:00:00,19:30:00,MA,300
1498,18:00:00,19:30:00,MI,300
1499,18:00:00,19:30:00,JU,300
1500,18:00:00,20:00:00,VI,300
1501,18:00:00,20:00:00,LU,301
1502,18:00:00,20:00:00,MA,301
1503,18:00:00,20:00:00,MI,301
1504,18:00:00,20:00:00,JU,301
1505,18:00:00,20:30:00,VI,301
1506,18:00:00,20:30:00,LU,302
1507,18:00:00,20:30:00,MA,302
1508,18:00:00,20:30:00,MI,302
1509,18:00:00,20:30:00,JU,302
1510,18:00:00,21:00:00,VI,302
1511,18:00:00,21:00:00,LU,303
1512,18:00:00,21:00:00,MA,303
1513,18:00:00,21:00:00,MI,303
1514,18:00:00,21:00:00,JU,303
1515,18:00:00,21:30:00,VI,303
1516,18:00:00,21:30:00,LU,304
1517,18:00:00,21:30:00,MA,304
1518,18:00:00,21:30:00,MI,304
1519,18:00:00,21:30:00,JU,304
1520,18:00:00,22:00:00,VI,304
1521,18:00:00,22:00:00,LU,305
1522,18:00:00,22:00:00,MA,305
1523,18:00:00,22:00:00,MI,305
1524,18:00:00,22:00:00,JU,305
1525,18:00:00,22:00:00,VI,305
1526,7:00:00,13:00:00,LU,306
1527,7:00:00,13:00:00,MA,306
1528,7:00:00,13:00:00,MI,306
1529,7:00:00,13:00:00,JU,306
1530,7:00:00,13:00:00,VI,306
1531,7:30:00,13:30:00,LU,307
1532,7:30:00,13:30:00,MA,307
1533,7:30:00,13:30:00,MI,307
1534,7:30:00,13:30:00,JU,307
1535,7:30:00,13:30:00,VI,307
1536,8:00:00,14:00:00,LU,308
1537,8:00:00,14:00:00,MA,308
1538,8:00:00,14:00:00,MI,308
1539,8:00:00,14:00:00,JU,308
1540,8:00:00,14:00:00,VI,308
1541,8:30:00,14:30:00,LU,309
1542,8:30:00,14:30:00,MA,309
1543,8:30:00,14:30:00,MI,309
1544,8:30:00,14:30:00,JU,309
1545,8:30:00,14:30:00,VI,309
1546,9:00:00,15:00:00,LU,310
1547,9:00:00,15:00:00,MA,310
1548,9:00:00,15:00:00,MI,310
1549,9:00:00,15:00:00,JU,310
1550,9:00:00,15:00:00,VI,310
